{
  "lpsRuns": [{
      "lpsRequestProfile": {
        "id": null,
        "httpMethod": "GET",
        "url": "https://www.example.com/2",
        "payload": null,
        "httpversion": "2.0",
        "httpHeaders": {
          "Hello-Header": ""
        },
        "downloadHtmlEmbeddedResources": false,
        "saveResponse": false,
        "isValid": true,
        "validationErrors": {}
      },
      "id": null,
      "requestCount": 450,
      "duration": null,
      "batchSize": null,
      "coolDownTime": null,
      "name": "Hello-Run-Example-2",
      "isValid": true,
      "mode": 3,
      "validationErrors": {}
    },
    {
      "lpsRequestProfile": {
        "id": null,
        "httpMethod": "GET",
        "url": "https://www.example.com",
        "payload": null,
        "httpversion": "2.0",
        "httpHeaders": {
          "Hello-Header": "Header"
        },
        "downloadHtmlEmbeddedResources": false,
        "saveResponse": false,
        "isValid": true,
        "validationErrors": {}
      },
      "id": null,
      "requestCount": null,
      "duration": 300,
      "batchSize": null,
      "coolDownTime": null,
      "name": "Hello-Run-Example-1",
      "isValid": true,
      "mode": 4,
      "validationErrors": {}
    }
  ],
  "id": null,
  "name": "Hello-Lps",
  "numberOfClients": 5,
  "rampUpPeriod": 4,
  "delayClientCreationUntilIsNeeded": false,
  "runInParallel": false,
  "isValid": true,
  "validationErrors": {}
}