{
  "lpsRuns": [
    {
      "lpsRequestProfile": {
        "id": null,
        "httpMethod": "GET",
        "url": "https://www.example.com",
        "payload": null,
        "httpversion": "2.0",
        "httpHeaders": {},
        "downloadHtmlEmbeddedResources": false,
        "saveResponse": false,
        "isValid": true,
        "validationErrors": {}
      },
      "id": null,
      "requestCount": null,
      "duration": 20,
      "batchSize": null,
      "coolDownTime": null,
      "name": "Example",
      "isValid": true,
      "mode": 4,
      "validationErrors": {}
    }
  ],
  "id": null,
  "name": "Hello",
  "numberOfClients": 1,
  "rampUpPeriod": 0,
  "delayClientCreationUntilIsNeeded": false,
  "runInParallel": false,
  "isValid": true,
  "validationErrors": {}
}