{
    "lpsRuns": [
        {
            "lpsRequestProfile": {
                "httpMethod": "GET",
                "url": "https://www.example.com",
                "payload": null,
                "httpversion": "2.0",
                "httpHeaders": {
                    "Hello-Header": "Hello-Header"
                },
                "downloadHtmlEmbeddedResources": false,
                "saveResponse": false
            },
            "requestCount": 100000,
            "duration": null,
            "batchSize": null,
            "coolDownTime": null,
            "name": "Hello-Run-Urnice",
            "mode": "R"
        },
        {
            "lpsRequestProfile": {
                "httpMethod": "GET",
                "url": "https://www.example.com",
                "payload": null,
                "httpversion": "2.0",
                "httpHeaders": {
                    "Hello-Header": "Header"
                },
                "downloadHtmlEmbeddedResources": false,
                "saveResponse": false
            },
            "requestCount": null,
            "duration": 6000,
            "batchSize": null,
            "coolDownTime": null,
            "name": "Hello-Run-Example",
            "mode": "D"
        }
    ],
    "name": "Hello-LPS",
    "numberOfClients": 5,
    "arrivalDelay": 4000,
    "delayClientCreationUntilIsNeeded": false,
    "runInParallel": true
}