{
  "LPSAppSettings": {
    "LPSFileLoggerConfiguration": {
      "LogFilePath": "logs/lpslog.log",
      "ConsoleLogingLevel": 1,
      "EnableConsoleLogging": true,
      "DisableConsoleErrorLogging": true,
      "DisableFileLogging": false,
      "LoggingLevel": 0
    },
    "LPSWatchdogConfiguration": {
      "MaxMemoryMB": 1000,
      "CoolDownMemoryMB": 700,
      "MaxCPUPercentage": 70,
      "CoolDownCPUPercentage": 50,
      "CoolDownRetryTimeInSeconds": 1,
      "MaxConcurrentConnectionsCountPerHostName": 3000,
      "CoolDownConcurrentConnectionsCountPerHostName": 1500,
      "MaxCoolingPeriod": 30,
      "ResumeCoolingAfter": 90,
      "SuspensionMode": 0
    },
    "LPSHttpClientConfiguration": {
      "ClientTimeoutInSeconds": 60,
      "PooledConnectionLifeTimeInSeconds": 1500,
      "PooledConnectionIdleTimeoutInSeconds": 350,
      "MaxConnectionsPerServer": 3000
    },
    "LPSDashboardConfiguration": {
      "BuiltInDashboard": true,
      "Port": 8009,
      "RefreshRate": 5
    }
  }
}