[
  {
    "MetricType": "Throughput",
    "TotalDataTransmissionTimeInMilliseconds": 1361.6863,
    "RequestsRate": {
      "Value": 0.73,
      "Every": "1s"
    },
    "RequestsRatePerCoolDownPeriod": {
      "Value": 0,
      "Every": ""
    },
    "RequestsCount": 1,
    "ActiveRequestsCount": 0,
    "SuccessfulRequestCount": 1,
    "FailedRequestsCount": 0,
    "ErrorRate": 0
  },
  {
    "MetricType": "Throughput",
    "TotalDataTransmissionTimeInMilliseconds": 1361.6863,
    "RequestsRate": {
      "Value": 0.73,
      "Every": "1s"
    },
    "RequestsRatePerCoolDownPeriod": {
      "Value": 0,
      "Every": ""
    },
    "RequestsCount": 1,
    "ActiveRequestsCount": 0,
    "SuccessfulRequestCount": 1,
    "FailedRequestsCount": 0,
    "ErrorRate": 0
  },
  {
    "MetricType": "Throughput",
    "TotalDataTransmissionTimeInMilliseconds": 1361.6863,
    "RequestsRate": {
      "Value": 0.73,
      "Every": "1s"
    },
    "RequestsRatePerCoolDownPeriod": {
      "Value": 0,
      "Every": ""
    },
    "RequestsCount": 1,
    "ActiveRequestsCount": 0,
    "SuccessfulRequestCount": 1,
    "FailedRequestsCount": 0,
    "ErrorRate": 0
  },
  {
    "MetricType": "Throughput",
    "TotalDataTransmissionTimeInMilliseconds": 1361.6863,
    "RequestsRate": {
      "Value": 0.73,
      "Every": "1s"
    },
    "RequestsRatePerCoolDownPeriod": {
      "Value": 0,
      "Every": ""
    },
    "RequestsCount": 1,
    "ActiveRequestsCount": 0,
    "SuccessfulRequestCount": 1,
    "FailedRequestsCount": 0,
    "ErrorRate": 0
  },
  {
    "MetricType": "Throughput",
    "TotalDataTransmissionTimeInMilliseconds": 1361.6863,
    "RequestsRate": {
      "Value": 0.73,
      "Every": "1s"
    },
    "RequestsRatePerCoolDownPeriod": {
      "Value": 0,
      "Every": ""
    },
    "RequestsCount": 1,
    "ActiveRequestsCount": 0,
    "SuccessfulRequestCount": 1,
    "FailedRequestsCount": 0,
    "ErrorRate": 0
  }
]