[
  {
    "MetricType": "ResponseTime",
    "SumResponseTime": 1068.6434,
    "AverageResponseTime": 1068.6434,
    "MinResponseTime": 1068.6434,
    "MaxResponseTime": 1068.6434,
    "P90ResponseTime": 1068,
    "P50ResponseTime": 1068,
    "P10ResponseTime": 1068
  },
  {
    "MetricType": "ResponseTime",
    "SumResponseTime": 1068.6434,
    "AverageResponseTime": 1068.6434,
    "MinResponseTime": 1068.6434,
    "MaxResponseTime": 1068.6434,
    "P90ResponseTime": 1068,
    "P50ResponseTime": 1068,
    "P10ResponseTime": 1068
  }
]