[
  {
    "MetricType": "DataTransmission",
    "TotalDataTransmissionTimeInMilliseconds": 1019.8685,
    "DataSent": 0,
    "DataReceived": 0,
    "AverageDataSent": 0,
    "AverageDataReceived": 0,
    "UpstreamThroughputBps": 0,
    "DownstreamThroughputBps": 0,
    "ThroughputBps": 0
  },
  {
    "MetricType": "DataTransmission",
    "TotalDataTransmissionTimeInMilliseconds": 1019.8685,
    "DataSent": 0,
    "DataReceived": 0,
    "AverageDataSent": 0,
    "AverageDataReceived": 0,
    "UpstreamThroughputBps": 0,
    "DownstreamThroughputBps": 0,
    "ThroughputBps": 0
  },
  {
    "MetricType": "DataTransmission",
    "TotalDataTransmissionTimeInMilliseconds": 1019.8685,
    "DataSent": 0,
    "DataReceived": 0,
    "AverageDataSent": 0,
    "AverageDataReceived": 0,
    "UpstreamThroughputBps": 0,
    "DownstreamThroughputBps": 0,
    "ThroughputBps": 0
  }
]